[{"model": "payments.payment", "pk": 1, "fields": {"amount": "0.02", "currency": "USD", "description": "test", "created_at": "2024-07-26T15:00:05.500Z"}}, {"model": "payments.payment", "pk": 2, "fields": {"amount": "0.01", "currency": "USD", "description": "qwew", "created_at": "2024-07-26T15:03:25.275Z"}}, {"model": "payments.payment", "pk": 3, "fields": {"amount": "50.00", "currency": "USD", "description": "test", "created_at": "2024-07-26T15:08:15.274Z"}}, {"model": "payments.payment", "pk": 4, "fields": {"amount": "50.00", "currency": "USD", "description": "test", "created_at": "2024-07-26T15:09:56.101Z"}}, {"model": "payments.payment", "pk": 5, "fields": {"amount": "50.00", "currency": "USD", "description": "wwdwd", "created_at": "2024-07-26T15:10:14.550Z"}}, {"model": "payments.payment", "pk": 6, "fields": {"amount": "0.01", "currency": "USD", "description": "qwew", "created_at": "2024-07-26T15:13:37.706Z"}}, {"model": "payments.payment", "pk": 7, "fields": {"amount": "0.01", "currency": "USD", "description": "test", "created_at": "2024-07-26T15:26:56.208Z"}}, {"model": "payments.payment", "pk": 8, "fields": {"amount": "0.01", "currency": "USD", "description": "test", "created_at": "2024-07-26T15:33:19.150Z"}}, {"model": "payments.payment", "pk": 9, "fields": {"amount": "0.01", "currency": "USD", "description": "qwew", "created_at": "2024-07-26T15:33:40.749Z"}}, {"model": "payments.payment", "pk": 10, "fields": {"amount": "0.01", "currency": "USD", "description": "wedwed", "created_at": "2024-07-26T15:34:23.870Z"}}, {"model": "payments.payment", "pk": 11, "fields": {"amount": "0.01", "currency": "USD", "description": "2ed2d", "created_at": "2024-07-26T15:51:47.875Z"}}, {"model": "payments.payment", "pk": 12, "fields": {"amount": "0.01", "currency": "USD", "description": "2ed2d", "created_at": "2024-07-26T16:14:13.762Z"}}, {"model": "payments.payment", "pk": 13, "fields": {"amount": "0.01", "currency": "USD", "description": "dfvdfvfv", "created_at": "2024-07-26T16:15:56.777Z"}}, {"model": "payments.payment", "pk": 14, "fields": {"amount": "0.01", "currency": "USD", "description": "wqdwd", "created_at": "2024-07-26T16:19:55.730Z"}}, {"model": "payments.payment", "pk": 15, "fields": {"amount": "0.01", "currency": "USD", "description": "wqdwd", "created_at": "2024-07-26T16:20:12.197Z"}}, {"model": "payments.payment", "pk": 16, "fields": {"amount": "1.00", "currency": "USD", "description": "wqdwd", "created_at": "2024-07-26T16:33:14.648Z"}}, {"model": "payments.payment", "pk": 17, "fields": {"amount": "0.01", "currency": "USD", "description": "wqdwd", "created_at": "2024-07-27T18:40:47.608Z"}}, {"model": "payments.payment", "pk": 18, "fields": {"amount": "0.01", "currency": "USD", "description": "xhbss", "created_at": "2024-07-27T18:58:52.208Z"}}, {"model": "payments.payment", "pk": 19, "fields": {"amount": "0.01", "currency": "USD", "description": "wqdwd", "created_at": "2024-07-27T19:20:05.858Z"}}, {"model": "payments.payment", "pk": 20, "fields": {"amount": "0.01", "currency": "USD", "description": "rferfr", "created_at": "2024-07-27T19:21:08.952Z"}}, {"model": "payments.payment", "pk": 21, "fields": {"amount": "0.01", "currency": "USD", "description": "trhrthth", "created_at": "2024-07-27T19:42:56.387Z"}}, {"model": "payments.payment", "pk": 22, "fields": {"amount": "0.01", "currency": "USD", "description": "qwew", "created_at": "2024-07-28T07:57:26.550Z"}}, {"model": "payments.payment", "pk": 23, "fields": {"amount": "0.01", "currency": "USD", "description": "qwew", "created_at": "2024-07-28T07:58:15.950Z"}}, {"model": "payments.payment", "pk": 24, "fields": {"amount": "0.01", "currency": "USD", "description": "rthth", "created_at": "2024-07-28T07:58:59.959Z"}}, {"model": "users.customuser", "pk": 1, "fields": {"password": "pbkdf2_sha256$720000$V2xDWWPAs6yYvdDAO8vLBC$w6TOIBrrrsw3nUovarwVmqVWSljrRrOa+bUxLLlbw9o=", "last_login": "2024-07-27T19:47:17.675Z", "is_superuser": true, "username": "admin", "first_name": "", "last_name": "", "email": "", "is_staff": true, "is_active": true, "date_joined": "2024-07-09T18:05:18.585Z", "groups": [], "user_permissions": []}}, {"model": "users.customuser", "pk": 2, "fields": {"password": "pbkdf2_sha256$720000$3qEi8JpWMf2Znvc50VvosZ$r29bio+ZTLkUSuHt6Xe2kpdChipqZ++k5/+ir3CQWsE=", "last_login": null, "is_superuser": false, "username": "fasefdfsdfdf", "first_name": "", "last_name": "", "email": "", "is_staff": false, "is_active": false, "date_joined": "2024-07-09T18:07:54.059Z", "groups": [], "user_permissions": []}}, {"model": "users.customuser", "pk": 3, "fields": {"password": "pbkdf2_sha256$720000$hrSYWbN8diPHtEviatJ7AF$fIZ7+BKB4PJN1yKswAN8Jv12aYG5BXyP42SdMOpQ1Wg=", "last_login": "2024-07-09T18:55:23.157Z", "is_superuser": false, "username": "wefwefwefef", "first_name": "", "last_name": "", "email": "", "is_staff": false, "is_active": true, "date_joined": "2024-07-09T18:54:57.318Z", "groups": [], "user_permissions": []}}, {"model": "users.customuser", "pk": 4, "fields": {"password": "pbkdf2_sha256$720000$tOAHcdaa0BBGR7aGhErldL$KIp45nH60Nc2R6rxnFKDzbtB1sY2v9yhcNv+0CaTP3M=", "last_login": "2024-07-09T19:21:13.250Z", "is_superuser": false, "username": "45y54yrtgrtg", "first_name": "", "last_name": "", "email": "", "is_staff": false, "is_active": true, "date_joined": "2024-07-09T19:21:12.403Z", "groups": [], "user_permissions": []}}, {"model": "users.customuser", "pk": 5, "fields": {"password": "pbkdf2_sha256$720000$4DhkPNiUe73QiCT5iOxmYm$F4rpB9E5H5cA3HuEhBHlxaJwhfWgrxyuLSdhbC1GZJE=", "last_login": "2024-07-09T19:32:33.028Z", "is_superuser": false, "username": "dfgdfgfgf", "first_name": "", "last_name": "", "email": "", "is_staff": false, "is_active": true, "date_joined": "2024-07-09T19:32:32.196Z", "groups": [], "user_permissions": []}}, {"model": "users.customuser", "pk": 6, "fields": {"password": "pbkdf2_sha256$720000$h0w79EjXWN7U0s5sJcdR40$4K40QL7CxmzFbW6E4DseAORDVrQ71qqhOh90GpZCzYM=", "last_login": "2024-07-09T19:33:07.460Z", "is_superuser": false, "username": "erferferfref", "first_name": "", "last_name": "", "email": "", "is_staff": false, "is_active": true, "date_joined": "2024-07-09T19:33:06.626Z", "groups": [], "user_permissions": []}}, {"model": "users.customuser", "pk": 7, "fields": {"password": "pbkdf2_sha256$720000$K68lLdvAftbVCfISOzbBvQ$dygCT9/wx7IPAv5jL+s0y2APxskaHjniB7/9CE36qlA=", "last_login": "2024-07-09T19:40:52.900Z", "is_superuser": false, "username": "3rferfref", "first_name": "", "last_name": "", "email": "", "is_staff": false, "is_active": true, "date_joined": "2024-07-09T19:40:52.069Z", "groups": [], "user_permissions": []}}, {"model": "users.customuser", "pk": 8, "fields": {"password": "pbkdf2_sha256$720000$R3CVzUANrU52n7T1XXkFzQ$83L8Bx4ih2oxqvkHSkeN/5ZQieTjogXo4UJR0pOi65Q=", "last_login": "2024-07-09T21:17:54.461Z", "is_superuser": false, "username": "qwedfwefwefwef", "first_name": "", "last_name": "", "email": "", "is_staff": false, "is_active": true, "date_joined": "2024-07-09T19:41:16.508Z", "groups": [], "user_permissions": []}}, {"model": "users.customuser", "pk": 9, "fields": {"password": "pbkdf2_sha256$720000$ocvEjKTdaUHDkParD95On4$S483VbSJb8Og89+MscA/RWzoxhIGsL01vLyYr/B8bFg=", "last_login": "2024-07-09T21:18:40.371Z", "is_superuser": false, "username": "wefwfwefef", "first_name": "", "last_name": "", "email": "", "is_staff": false, "is_active": true, "date_joined": "2024-07-09T21:18:39.546Z", "groups": [], "user_permissions": []}}, {"model": "users.customuser", "pk": 10, "fields": {"password": "pbkdf2_sha256$720000$QZoig6QP1TvtSV1yhGroG4$KfiQH/CFMICxI42pude9Z9tIfGdwowJy7qZ1lk8G5XA=", "last_login": "2024-07-09T21:35:16.501Z", "is_superuser": false, "username": "wfgwrffrf", "first_name": "", "last_name": "", "email": "", "is_staff": false, "is_active": true, "date_joined": "2024-07-09T21:35:15.670Z", "groups": [], "user_permissions": []}}, {"model": "users.customuser", "pk": 11, "fields": {"password": "pbkdf2_sha256$720000$OsILQ1VCyohOLnEx227Jxy$BwSbTbxZM6Y9K9eIPX4/fsjjj9UQX9QXPuxYccC+wQI=", "last_login": "2024-07-11T00:19:19.733Z", "is_superuser": false, "username": "wefwefeef", "first_name": "", "last_name": "", "email": "", "is_staff": false, "is_active": true, "date_joined": "2024-07-09T21:36:39.294Z", "groups": [], "user_permissions": []}}, {"model": "users.customuser", "pk": 12, "fields": {"password": "pbkdf2_sha256$720000$lZkWRdNkUWJkMB45deySkn$SWQ+ge5MtyVM5RLAuwbyrk+NfrUPL3svyVcIcWmStpA=", "last_login": "2024-07-11T21:38:33.001Z", "is_superuser": false, "username": "ferferferfrf", "first_name": "", "last_name": "", "email": "", "is_staff": false, "is_active": true, "date_joined": "2024-07-11T21:38:32.073Z", "groups": [], "user_permissions": []}}, {"model": "users.customuser", "pk": 13, "fields": {"password": "pbkdf2_sha256$720000$9FOvsvatosI65ifxBAQTBl$BbV4d7xY4QACBAhvBYDTi06osm5fCAIDs4PDNHsSH58=", "last_login": "2024-07-11T21:39:04.801Z", "is_superuser": false, "username": "wefwefefef", "first_name": "", "last_name": "", "email": "", "is_staff": false, "is_active": true, "date_joined": "2024-07-11T21:39:03.968Z", "groups": [], "user_permissions": []}}, {"model": "users.customuser", "pk": 14, "fields": {"password": "pbkdf2_sha256$720000$YoxJWmczPB5E8YDv4LojKn$B5OlJdrufO3i2RvOLRKDzOlJitivXdQ2Fn9LahANFDw=", "last_login": "2024-07-11T21:44:51.783Z", "is_superuser": false, "username": "wefwefwefefthrthh", "first_name": "", "last_name": "", "email": "", "is_staff": false, "is_active": true, "date_joined": "2024-07-11T21:44:50.942Z", "groups": [], "user_permissions": []}}, {"model": "users.customuser", "pk": 15, "fields": {"password": "pbkdf2_sha256$720000$f5KpdnFPUeeoPfY8GdkMol$vLTMo3v2Pkpr1t01iaKSP8afrf2J3Ww/SSzcBHPw+1s=", "last_login": "2024-07-11T21:45:14.962Z", "is_superuser": false, "username": "rthrthrthrthrthth", "first_name": "", "last_name": "", "email": "", "is_staff": false, "is_active": true, "date_joined": "2024-07-11T21:45:14.128Z", "groups": [], "user_permissions": []}}, {"model": "users.customuser", "pk": 16, "fields": {"password": "pbkdf2_sha256$720000$uXjnia54jKCX8jbUD7NZvS$SJo1sUjE7qjMzqG8BFejzzcQpXndiK+IxJ+KNUPYsoY=", "last_login": "2024-07-11T21:45:24.644Z", "is_superuser": false, "username": "rtgrtgrgrggr", "first_name": "", "last_name": "", "email": "", "is_staff": false, "is_active": true, "date_joined": "2024-07-11T21:45:23.805Z", "groups": [], "user_permissions": []}}, {"model": "users.customuser", "pk": 17, "fields": {"password": "pbkdf2_sha256$720000$DW0Hi7hIr0YuN23nAOgtgj$i/TTFa0JVdVZ8e65NRrwR4X+2Kp4YYKxmQPkrFgXGLk=", "last_login": "2024-07-11T22:08:15.252Z", "is_superuser": false, "username": "dqwededew", "first_name": "", "last_name": "", "email": "", "is_staff": false, "is_active": true, "date_joined": "2024-07-11T22:05:37.996Z", "groups": [], "user_permissions": []}}, {"model": "users.customuser", "pk": 18, "fields": {"password": "pbkdf2_sha256$720000$vLqPixQ7Cgxt5ri0ndyy9y$JL3BchKTmIw2xmmR4tYhSNFfO1nlnZRokMfp3Oyn7Kw=", "last_login": "2024-07-20T12:00:14.045Z", "is_superuser": false, "username": "rthrthrthtrhht", "first_name": "", "last_name": "", "email": "", "is_staff": false, "is_active": true, "date_joined": "2024-07-20T11:42:24.250Z", "groups": [], "user_permissions": []}}, {"model": "users.customuser", "pk": 19, "fields": {"password": "pbkdf2_sha256$720000$p0xhwhgiryk5YiTgYtQKXF$FEuSf97N/fxgvQ+0ZyyxjBw+68k0pT7U9Dc3DaLTkvI=", "last_login": "2024-07-21T19:08:12.850Z", "is_superuser": false, "username": "andrei_yulia", "first_name": "", "last_name": "", "email": "", "is_staff": false, "is_active": true, "date_joined": "2024-07-21T19:02:33.142Z", "groups": [], "user_permissions": []}}, {"model": "users.customuser", "pk": 20, "fields": {"password": "pbkdf2_sha256$720000$sbnLBh6gBTkZ31wlOimGpp$ACPbXbRLOwI7oz09L6tKq9RaQ9pDS8IMUMyRpoWsHVw=", "last_login": "2024-07-25T10:28:39.617Z", "is_superuser": false, "username": "efwefefeef", "first_name": "", "last_name": "", "email": "", "is_staff": false, "is_active": true, "date_joined": "2024-07-24T16:26:48.518Z", "groups": [], "user_permissions": []}}, {"model": "users.customuser", "pk": 23, "fields": {"password": "", "last_login": "2024-07-27T19:29:34.493Z", "is_superuser": false, "username": "~yandex_user_127444357", "first_name": "", "last_name": "", "email": "", "is_staff": false, "is_active": true, "date_joined": "2024-07-26T10:45:41.089Z", "groups": [], "user_permissions": []}}, {"model": "users.customuser", "pk": 24, "fields": {"password": "pbkdf2_sha256$720000$znTOCg9myzdJKZhIXBZwrD$KDq+thasIR+hlE24bW+Oc3L8DsE+qwvNpuRkgQD2Zjc=", "last_login": "2024-07-27T19:30:13.803Z", "is_superuser": false, "username": "yg56hthrth", "first_name": "", "last_name": "", "email": "", "is_staff": false, "is_active": true, "date_joined": "2024-07-27T19:30:12.903Z", "groups": [], "user_permissions": []}}, {"model": "users.yandexuser", "pk": 3, "fields": {"user": 23, "yandex_id": "5f7d4dec0c084cb380daadfdf7e2771e", "name": "Дима Егоров"}}, {"model": "registration.registrationprofile", "pk": 1, "fields": {"user": 2, "activation_key": "e41545477029bb069fa4aed057115ea76e6c061fc0d5cdc75002dd33f8a4f142", "activated": false}}, {"model": "sites.site", "pk": 1, "fields": {"domain": "example.com", "name": "example.com"}}, {"model": "admin.logentry", "pk": 1, "fields": {"action_time": "2024-07-09T18:57:26.545Z", "user": 1, "content_type": 10, "object_id": "1", "object_repr": "Goods object (1)", "action_flag": 1, "change_message": "[{\"added\": {}}]"}}, {"model": "admin.logentry", "pk": 2, "fields": {"action_time": "2024-07-09T19:01:25.611Z", "user": 1, "content_type": 10, "object_id": "2", "object_repr": "Goods object (2)", "action_flag": 1, "change_message": "[{\"added\": {}}]"}}, {"model": "admin.logentry", "pk": 3, "fields": {"action_time": "2024-07-09T19:01:53.589Z", "user": 1, "content_type": 10, "object_id": "3", "object_repr": "Goods object (3)", "action_flag": 1, "change_message": "[{\"added\": {}}]"}}, {"model": "admin.logentry", "pk": 4, "fields": {"action_time": "2024-07-09T19:02:29.236Z", "user": 1, "content_type": 10, "object_id": "4", "object_repr": "Goods object (4)", "action_flag": 1, "change_message": "[{\"added\": {}}]"}}, {"model": "admin.logentry", "pk": 5, "fields": {"action_time": "2024-07-09T19:03:15.637Z", "user": 1, "content_type": 10, "object_id": "4", "object_repr": "Goods object (4)", "action_flag": 2, "change_message": "[{\"changed\": {\"fields\": [\"Image\"]}}]"}}, {"model": "admin.logentry", "pk": 6, "fields": {"action_time": "2024-07-09T19:03:40.858Z", "user": 1, "content_type": 10, "object_id": "2", "object_repr": "Goods object (2)", "action_flag": 2, "change_message": "[{\"changed\": {\"fields\": [\"Image\"]}}]"}}, {"model": "admin.logentry", "pk": 7, "fields": {"action_time": "2024-07-19T10:13:13.842Z", "user": 1, "content_type": 10, "object_id": "5", "object_repr": "Goods object (5)", "action_flag": 1, "change_message": "[{\"added\": {}}]"}}, {"model": "admin.logentry", "pk": 8, "fields": {"action_time": "2024-07-19T10:46:54.911Z", "user": 1, "content_type": 10, "object_id": "5", "object_repr": "Goods object (5)", "action_flag": 2, "change_message": "[{\"changed\": {\"fields\": [\"Image\"]}}]"}}, {"model": "admin.logentry", "pk": 9, "fields": {"action_time": "2024-07-19T10:49:37.398Z", "user": 1, "content_type": 10, "object_id": "6", "object_repr": "Goods object (6)", "action_flag": 1, "change_message": "[{\"added\": {}}]"}}, {"model": "admin.logentry", "pk": 10, "fields": {"action_time": "2024-07-19T10:55:38.565Z", "user": 1, "content_type": 10, "object_id": "7", "object_repr": "Goods object (7)", "action_flag": 1, "change_message": "[{\"added\": {}}]"}}, {"model": "admin.logentry", "pk": 11, "fields": {"action_time": "2024-07-19T17:17:31.038Z", "user": 1, "content_type": 17, "object_id": "1", "object_repr": "Category object (1)", "action_flag": 1, "change_message": "[{\"added\": {}}]"}}, {"model": "admin.logentry", "pk": 12, "fields": {"action_time": "2024-07-19T17:17:39.371Z", "user": 1, "content_type": 17, "object_id": "2", "object_repr": "Category object (2)", "action_flag": 1, "change_message": "[{\"added\": {}}]"}}, {"model": "admin.logentry", "pk": 13, "fields": {"action_time": "2024-07-19T17:18:18.627Z", "user": 1, "content_type": 17, "object_id": "3", "object_repr": "Category object (3)", "action_flag": 1, "change_message": "[{\"added\": {}}]"}}, {"model": "admin.logentry", "pk": 14, "fields": {"action_time": "2024-07-19T17:57:39.857Z", "user": 1, "content_type": 17, "object_id": "2", "object_repr": "Ноутбук", "action_flag": 2, "change_message": "[{\"changed\": {\"fields\": [\"\\u041a\\u0430\\u0442\\u0435\\u0433\\u043e\\u0440\\u0438\\u044f\"]}}]"}}, {"model": "admin.logentry", "pk": 15, "fields": {"action_time": "2024-07-19T17:59:29.996Z", "user": 1, "content_type": 10, "object_id": "8", "object_repr": "Игровой ноутбук ASUS TUF Gaming A15 2023 FA507NV-LP025", "action_flag": 1, "change_message": "[{\"added\": {}}]"}}, {"model": "admin.logentry", "pk": 16, "fields": {"action_time": "2024-07-19T18:00:11.861Z", "user": 1, "content_type": 10, "object_id": "8", "object_repr": "Игровой ноутбук ASUS TUF Gaming A15 2023 FA507NV-LP025", "action_flag": 2, "change_message": "[]"}}, {"model": "admin.logentry", "pk": 17, "fields": {"action_time": "2024-07-19T18:00:14.899Z", "user": 1, "content_type": 10, "object_id": "7", "object_repr": "Умные часы Apple Watch Series 9 41 мм", "action_flag": 2, "change_message": "[{\"changed\": {\"fields\": [\"\\u041a\\u0430\\u0442\\u0435\\u0433\\u043e\\u0440\\u0438\\u044f\"]}}]"}}, {"model": "admin.logentry", "pk": 18, "fields": {"action_time": "2024-07-19T18:00:17.820Z", "user": 1, "content_type": 10, "object_id": "6", "object_repr": "Умные часы Infinix Watch 1", "action_flag": 2, "change_message": "[{\"changed\": {\"fields\": [\"\\u041a\\u0430\\u0442\\u0435\\u0433\\u043e\\u0440\\u0438\\u044f\"]}}]"}}, {"model": "admin.logentry", "pk": 19, "fields": {"action_time": "2024-07-19T18:00:21.394Z", "user": 1, "content_type": 10, "object_id": "5", "object_repr": "Умные часы Xiaomi Watch S3 M2323W1", "action_flag": 2, "change_message": "[{\"changed\": {\"fields\": [\"\\u041a\\u0430\\u0442\\u0435\\u0433\\u043e\\u0440\\u0438\\u044f\"]}}]"}}, {"model": "admin.logentry", "pk": 20, "fields": {"action_time": "2024-07-19T18:00:25.959Z", "user": 1, "content_type": 10, "object_id": "4", "object_repr": "Телевизор Hisense 55E7KQ PRO", "action_flag": 2, "change_message": "[{\"changed\": {\"fields\": [\"\\u041a\\u0430\\u0442\\u0435\\u0433\\u043e\\u0440\\u0438\\u044f\"]}}]"}}, {"model": "admin.logentry", "pk": 21, "fields": {"action_time": "2024-07-19T18:00:29.066Z", "user": 1, "content_type": 10, "object_id": "3", "object_repr": "Телевизор Artel UA43H3502", "action_flag": 2, "change_message": "[{\"changed\": {\"fields\": [\"\\u041a\\u0430\\u0442\\u0435\\u0433\\u043e\\u0440\\u0438\\u044f\"]}}]"}}, {"model": "admin.logentry", "pk": 22, "fields": {"action_time": "2024-07-19T18:00:31.691Z", "user": 1, "content_type": 10, "object_id": "2", "object_repr": "OLED телевизор LG C3 OLED65C3RLA", "action_flag": 2, "change_message": "[{\"changed\": {\"fields\": [\"\\u041a\\u0430\\u0442\\u0435\\u0433\\u043e\\u0440\\u0438\\u044f\"]}}]"}}, {"model": "admin.logentry", "pk": 23, "fields": {"action_time": "2024-07-19T18:00:34.690Z", "user": 1, "content_type": 10, "object_id": "1", "object_repr": "Телевизор Sony KD-98ZG9", "action_flag": 2, "change_message": "[{\"changed\": {\"fields\": [\"\\u041a\\u0430\\u0442\\u0435\\u0433\\u043e\\u0440\\u0438\\u044f\"]}}]"}}, {"model": "admin.logentry", "pk": 24, "fields": {"action_time": "2024-07-19T18:01:51.161Z", "user": 1, "content_type": 10, "object_id": "9", "object_repr": "Ноутбук Xiaomi RedmiBook Pro 15 2023 JYU4540CN", "action_flag": 1, "change_message": "[{\"added\": {}}]"}}, {"model": "admin.logentry", "pk": 25, "fields": {"action_time": "2024-07-19T18:02:49.141Z", "user": 1, "content_type": 10, "object_id": "10", "object_repr": "Игровой ноутбук Lenovo Legion Y7000P IRX9 83DG008NCD", "action_flag": 1, "change_message": "[{\"added\": {}}]"}}, {"model": "admin.logentry", "pk": 26, "fields": {"action_time": "2024-07-20T12:09:56.156Z", "user": 1, "content_type": 10, "object_id": "11", "object_repr": "MiniLED телевизор Hisense 55U7NQ", "action_flag": 1, "change_message": "[{\"added\": {}}]"}}, {"model": "admin.logentry", "pk": 27, "fields": {"action_time": "2024-07-20T17:47:54.677Z", "user": 1, "content_type": 18, "object_id": "33", "object_repr": "Умные часы Infinix Watch 1 | admin | 1", "action_flag": 3, "change_message": ""}}, {"model": "admin.logentry", "pk": 28, "fields": {"action_time": "2024-07-20T17:48:09.030Z", "user": 1, "content_type": 18, "object_id": "45", "object_repr": "Умные часы Xiaomi Watch S3 M2323W1 | rthrthrthtrhht | 1", "action_flag": 3, "change_message": ""}}, {"model": "admin.logentry", "pk": 29, "fields": {"action_time": "2024-07-20T17:48:09.043Z", "user": 1, "content_type": 18, "object_id": "44", "object_repr": "Умные часы Apple Watch Series 9 41 мм | rthrthrthtrhht | 1", "action_flag": 3, "change_message": ""}}, {"model": "admin.logentry", "pk": 30, "fields": {"action_time": "2024-07-20T17:48:09.053Z", "user": 1, "content_type": 18, "object_id": "43", "object_repr": "Телевизор Sony KD-98ZG9 | rthrthrthtrhht | 20", "action_flag": 3, "change_message": ""}}, {"model": "admin.logentry", "pk": 31, "fields": {"action_time": "2024-07-20T17:48:09.065Z", "user": 1, "content_type": 18, "object_id": "42", "object_repr": "Ноутбук Xiaomi RedmiBook Pro 15 2023 JYU4540CN | rthrthrthtrhht | 1", "action_flag": 3, "change_message": ""}}, {"model": "admin.logentry", "pk": 32, "fields": {"action_time": "2024-07-20T17:48:09.077Z", "user": 1, "content_type": 18, "object_id": "41", "object_repr": "Умные часы Infinix Watch 1 | rthrthrthtrhht | 1", "action_flag": 3, "change_message": ""}}, {"model": "admin.logentry", "pk": 33, "fields": {"action_time": "2024-07-20T17:48:09.089Z", "user": 1, "content_type": 18, "object_id": "40", "object_repr": "Телевизор Sony KD-98ZG9 | rthrthrthtrhht | 4", "action_flag": 3, "change_message": ""}}, {"model": "admin.logentry", "pk": 34, "fields": {"action_time": "2024-07-20T17:48:09.099Z", "user": 1, "content_type": 18, "object_id": "38", "object_repr": "Игровой ноутбук Lenovo Legion Y7000P IRX9 83DG008NCD | rthrthrthtrhht | 7", "action_flag": 3, "change_message": ""}}, {"model": "admin.logentry", "pk": 35, "fields": {"action_time": "2024-07-20T17:48:09.111Z", "user": 1, "content_type": 18, "object_id": "34", "object_repr": "Умные часы Apple Watch Series 9 41 мм | admin | 1", "action_flag": 3, "change_message": ""}}, {"model": "admin.logentry", "pk": 36, "fields": {"action_time": "2024-07-20T17:48:09.123Z", "user": 1, "content_type": 18, "object_id": "32", "object_repr": "Умные часы Apple Watch Series 9 41 мм | admin | 1", "action_flag": 3, "change_message": ""}}, {"model": "admin.logentry", "pk": 37, "fields": {"action_time": "2024-07-20T17:56:02.857Z", "user": 1, "content_type": 18, "object_id": "53", "object_repr": "Умные часы Apple Watch Series 9 41 мм | admin | 1", "action_flag": 3, "change_message": ""}}, {"model": "admin.logentry", "pk": 38, "fields": {"action_time": "2024-07-20T17:56:02.870Z", "user": 1, "content_type": 18, "object_id": "52", "object_repr": "Умные часы Infinix Watch 1 | admin | 1", "action_flag": 3, "change_message": ""}}, {"model": "admin.logentry", "pk": 39, "fields": {"action_time": "2024-07-20T17:56:03.090Z", "user": 1, "content_type": 18, "object_id": "51", "object_repr": "Умные часы Infinix Watch 1 | admin | 1", "action_flag": 3, "change_message": ""}}, {"model": "admin.logentry", "pk": 40, "fields": {"action_time": "2024-07-20T17:56:03.102Z", "user": 1, "content_type": 18, "object_id": "50", "object_repr": "Умные часы Apple Watch Series 9 41 мм | admin | 1", "action_flag": 3, "change_message": ""}}, {"model": "admin.logentry", "pk": 41, "fields": {"action_time": "2024-07-22T08:09:42.193Z", "user": 1, "content_type": 10, "object_id": "12", "object_repr": "Телевизор TECHNO Smart 43QLED680UHDW", "action_flag": 1, "change_message": "[{\"added\": {}}]"}}, {"model": "admin.logentry", "pk": 42, "fields": {"action_time": "2024-07-22T08:11:32.238Z", "user": 1, "content_type": 10, "object_id": "13", "object_repr": "OLED телевизор LG OLED C4 OLED55C4RLA", "action_flag": 1, "change_message": "[{\"added\": {}}]"}}, {"model": "admin.logentry", "pk": 43, "fields": {"action_time": "2024-07-22T08:12:32.228Z", "user": 1, "content_type": 10, "object_id": "14", "object_repr": "OLED телевизор Samsung OLED 4K S90C QE55S90CAUXRU", "action_flag": 1, "change_message": "[{\"added\": {}}]"}}, {"model": "admin.logentry", "pk": 44, "fields": {"action_time": "2024-07-22T08:14:04.436Z", "user": 1, "content_type": 10, "object_id": "15", "object_repr": "Умные часы Xiaomi Redmi Watch 3 Active", "action_flag": 1, "change_message": "[{\"added\": {}}]"}}, {"model": "admin.logentry", "pk": 45, "fields": {"action_time": "2024-07-22T08:15:18.281Z", "user": 1, "content_type": 10, "object_id": "16", "object_repr": "Умные часы Xiaomi Watch S1 Active", "action_flag": 1, "change_message": "[{\"added\": {}}]"}}, {"model": "admin.logentry", "pk": 46, "fields": {"action_time": "2024-07-22T08:16:48.315Z", "user": 1, "content_type": 10, "object_id": "17", "object_repr": "Игровой ноутбук Lenovo IdeaPad Gaming 3 15IHU6 82K10032RM", "action_flag": 1, "change_message": "[{\"added\": {}}]"}}, {"model": "admin.logentry", "pk": 47, "fields": {"action_time": "2024-07-22T08:18:11.751Z", "user": 1, "content_type": 10, "object_id": "18", "object_repr": "Игровой ноутбук MSI Katana 17 B12VFK-463XRU", "action_flag": 1, "change_message": "[{\"added\": {}}]"}}, {"model": "admin.logentry", "pk": 48, "fields": {"action_time": "2024-07-22T08:30:17.261Z", "user": 1, "content_type": 10, "object_id": "19", "object_repr": "Игровой ноутбук ASUS ROG Strix G16 2023 G614JV-N4071", "action_flag": 1, "change_message": "[{\"added\": {}}]"}}, {"model": "admin.logentry", "pk": 49, "fields": {"action_time": "2024-07-22T08:31:41.657Z", "user": 1, "content_type": 10, "object_id": "20", "object_repr": "Игровой ноутбук Acer Nitro V 15 ANV15-51-51FC NH.QN9CD.002", "action_flag": 1, "change_message": "[{\"added\": {}}]"}}, {"model": "admin.logentry", "pk": 50, "fields": {"action_time": "2024-07-22T08:34:17.736Z", "user": 1, "content_type": 10, "object_id": "21", "object_repr": "Ноутбук Apple Macbook Air 13\" M3 2024 MRXN3", "action_flag": 1, "change_message": "[{\"added\": {}}]"}}, {"model": "admin.logentry", "pk": 51, "fields": {"action_time": "2024-07-22T08:37:22.688Z", "user": 1, "content_type": 10, "object_id": "22", "object_repr": "Телевизор Sony Bravia X85L KD-55X85L", "action_flag": 1, "change_message": "[{\"added\": {}}]"}}, {"model": "admin.logentry", "pk": 52, "fields": {"action_time": "2024-07-22T08:38:55.379Z", "user": 1, "content_type": 10, "object_id": "23", "object_repr": "Телевизор MAUNFELD MLT55USD02G", "action_flag": 1, "change_message": "[{\"added\": {}}]"}}, {"model": "admin.logentry", "pk": 53, "fields": {"action_time": "2024-07-26T10:42:48.170Z", "user": 1, "content_type": 1, "object_id": "21", "object_repr": "127444357", "action_flag": 3, "change_message": ""}}, {"model": "admin.logentry", "pk": 54, "fields": {"action_time": "2024-07-26T10:45:33.998Z", "user": 1, "content_type": 1, "object_id": "22", "object_repr": "yandex_user_127444357", "action_flag": 3, "change_message": ""}}, {"model": "admin.logentry", "pk": 55, "fields": {"action_time": "2024-07-27T19:47:24.505Z", "user": 1, "content_type": 17, "object_id": "3", "object_repr": "Телевизоры", "action_flag": 2, "change_message": "[{\"changed\": {\"fields\": [\"\\u041a\\u0430\\u0442\\u0435\\u0433\\u043e\\u0440\\u0438\\u044f\"]}}]"}}, {"model": "admin.logentry", "pk": 56, "fields": {"action_time": "2024-07-27T19:47:27.357Z", "user": 1, "content_type": 17, "object_id": "2", "object_repr": "Ноутбуки", "action_flag": 2, "change_message": "[{\"changed\": {\"fields\": [\"\\u041a\\u0430\\u0442\\u0435\\u0433\\u043e\\u0440\\u0438\\u044f\"]}}]"}}, {"model": "auth.permission", "pk": 1, "fields": {"name": "Can add user", "content_type": 1, "codename": "add_customuser"}}, {"model": "auth.permission", "pk": 2, "fields": {"name": "Can change user", "content_type": 1, "codename": "change_customuser"}}, {"model": "auth.permission", "pk": 3, "fields": {"name": "Can delete user", "content_type": 1, "codename": "delete_customuser"}}, {"model": "auth.permission", "pk": 4, "fields": {"name": "Can view user", "content_type": 1, "codename": "view_customuser"}}, {"model": "auth.permission", "pk": 5, "fields": {"name": "Can add registration profile", "content_type": 2, "codename": "add_registrationprofile"}}, {"model": "auth.permission", "pk": 6, "fields": {"name": "Can change registration profile", "content_type": 2, "codename": "change_registrationprofile"}}, {"model": "auth.permission", "pk": 7, "fields": {"name": "Can delete registration profile", "content_type": 2, "codename": "delete_registrationprofile"}}, {"model": "auth.permission", "pk": 8, "fields": {"name": "Can view registration profile", "content_type": 2, "codename": "view_registrationprofile"}}, {"model": "auth.permission", "pk": 9, "fields": {"name": "Can add supervised registration profile", "content_type": 3, "codename": "add_supervisedregistrationprofile"}}, {"model": "auth.permission", "pk": 10, "fields": {"name": "Can change supervised registration profile", "content_type": 3, "codename": "change_supervisedregistrationprofile"}}, {"model": "auth.permission", "pk": 11, "fields": {"name": "Can delete supervised registration profile", "content_type": 3, "codename": "delete_supervisedregistrationprofile"}}, {"model": "auth.permission", "pk": 12, "fields": {"name": "Can view supervised registration profile", "content_type": 3, "codename": "view_supervisedregistrationprofile"}}, {"model": "auth.permission", "pk": 13, "fields": {"name": "Can add site", "content_type": 4, "codename": "add_site"}}, {"model": "auth.permission", "pk": 14, "fields": {"name": "Can change site", "content_type": 4, "codename": "change_site"}}, {"model": "auth.permission", "pk": 15, "fields": {"name": "Can delete site", "content_type": 4, "codename": "delete_site"}}, {"model": "auth.permission", "pk": 16, "fields": {"name": "Can view site", "content_type": 4, "codename": "view_site"}}, {"model": "auth.permission", "pk": 17, "fields": {"name": "Can add log entry", "content_type": 5, "codename": "add_logentry"}}, {"model": "auth.permission", "pk": 18, "fields": {"name": "Can change log entry", "content_type": 5, "codename": "change_logentry"}}, {"model": "auth.permission", "pk": 19, "fields": {"name": "Can delete log entry", "content_type": 5, "codename": "delete_logentry"}}, {"model": "auth.permission", "pk": 20, "fields": {"name": "Can view log entry", "content_type": 5, "codename": "view_logentry"}}, {"model": "auth.permission", "pk": 21, "fields": {"name": "Can add permission", "content_type": 6, "codename": "add_permission"}}, {"model": "auth.permission", "pk": 22, "fields": {"name": "Can change permission", "content_type": 6, "codename": "change_permission"}}, {"model": "auth.permission", "pk": 23, "fields": {"name": "Can delete permission", "content_type": 6, "codename": "delete_permission"}}, {"model": "auth.permission", "pk": 24, "fields": {"name": "Can view permission", "content_type": 6, "codename": "view_permission"}}, {"model": "auth.permission", "pk": 25, "fields": {"name": "Can add group", "content_type": 7, "codename": "add_group"}}, {"model": "auth.permission", "pk": 26, "fields": {"name": "Can change group", "content_type": 7, "codename": "change_group"}}, {"model": "auth.permission", "pk": 27, "fields": {"name": "Can delete group", "content_type": 7, "codename": "delete_group"}}, {"model": "auth.permission", "pk": 28, "fields": {"name": "Can view group", "content_type": 7, "codename": "view_group"}}, {"model": "auth.permission", "pk": 29, "fields": {"name": "Can add content type", "content_type": 8, "codename": "add_contenttype"}}, {"model": "auth.permission", "pk": 30, "fields": {"name": "Can change content type", "content_type": 8, "codename": "change_contenttype"}}, {"model": "auth.permission", "pk": 31, "fields": {"name": "Can delete content type", "content_type": 8, "codename": "delete_contenttype"}}, {"model": "auth.permission", "pk": 32, "fields": {"name": "Can view content type", "content_type": 8, "codename": "view_contenttype"}}, {"model": "auth.permission", "pk": 33, "fields": {"name": "Can add session", "content_type": 9, "codename": "add_session"}}, {"model": "auth.permission", "pk": 34, "fields": {"name": "Can change session", "content_type": 9, "codename": "change_session"}}, {"model": "auth.permission", "pk": 35, "fields": {"name": "Can delete session", "content_type": 9, "codename": "delete_session"}}, {"model": "auth.permission", "pk": 36, "fields": {"name": "Can view session", "content_type": 9, "codename": "view_session"}}, {"model": "auth.permission", "pk": 37, "fields": {"name": "Can add goods", "content_type": 10, "codename": "add_goods"}}, {"model": "auth.permission", "pk": 38, "fields": {"name": "Can change goods", "content_type": 10, "codename": "change_goods"}}, {"model": "auth.permission", "pk": 39, "fields": {"name": "Can delete goods", "content_type": 10, "codename": "delete_goods"}}, {"model": "auth.permission", "pk": 40, "fields": {"name": "Can view goods", "content_type": 10, "codename": "view_goods"}}, {"model": "auth.permission", "pk": 41, "fields": {"name": "Can add cart", "content_type": 11, "codename": "add_cart"}}, {"model": "auth.permission", "pk": 42, "fields": {"name": "Can change cart", "content_type": 11, "codename": "change_cart"}}, {"model": "auth.permission", "pk": 43, "fields": {"name": "Can delete cart", "content_type": 11, "codename": "delete_cart"}}, {"model": "auth.permission", "pk": 44, "fields": {"name": "Can view cart", "content_type": 11, "codename": "view_cart"}}, {"model": "auth.permission", "pk": 45, "fields": {"name": "Can add association", "content_type": 12, "codename": "add_association"}}, {"model": "auth.permission", "pk": 46, "fields": {"name": "Can change association", "content_type": 12, "codename": "change_association"}}, {"model": "auth.permission", "pk": 47, "fields": {"name": "Can delete association", "content_type": 12, "codename": "delete_association"}}, {"model": "auth.permission", "pk": 48, "fields": {"name": "Can view association", "content_type": 12, "codename": "view_association"}}, {"model": "auth.permission", "pk": 49, "fields": {"name": "Can add code", "content_type": 13, "codename": "add_code"}}, {"model": "auth.permission", "pk": 50, "fields": {"name": "Can change code", "content_type": 13, "codename": "change_code"}}, {"model": "auth.permission", "pk": 51, "fields": {"name": "Can delete code", "content_type": 13, "codename": "delete_code"}}, {"model": "auth.permission", "pk": 52, "fields": {"name": "Can view code", "content_type": 13, "codename": "view_code"}}, {"model": "auth.permission", "pk": 53, "fields": {"name": "Can add nonce", "content_type": 14, "codename": "add_nonce"}}, {"model": "auth.permission", "pk": 54, "fields": {"name": "Can change nonce", "content_type": 14, "codename": "change_nonce"}}, {"model": "auth.permission", "pk": 55, "fields": {"name": "Can delete nonce", "content_type": 14, "codename": "delete_nonce"}}, {"model": "auth.permission", "pk": 56, "fields": {"name": "Can view nonce", "content_type": 14, "codename": "view_nonce"}}, {"model": "auth.permission", "pk": 57, "fields": {"name": "Can add user social auth", "content_type": 15, "codename": "add_usersocialauth"}}, {"model": "auth.permission", "pk": 58, "fields": {"name": "Can change user social auth", "content_type": 15, "codename": "change_usersocialauth"}}, {"model": "auth.permission", "pk": 59, "fields": {"name": "Can delete user social auth", "content_type": 15, "codename": "delete_usersocialauth"}}, {"model": "auth.permission", "pk": 60, "fields": {"name": "Can view user social auth", "content_type": 15, "codename": "view_usersocialauth"}}, {"model": "auth.permission", "pk": 61, "fields": {"name": "Can add partial", "content_type": 16, "codename": "add_partial"}}, {"model": "auth.permission", "pk": 62, "fields": {"name": "Can change partial", "content_type": 16, "codename": "change_partial"}}, {"model": "auth.permission", "pk": 63, "fields": {"name": "Can delete partial", "content_type": 16, "codename": "delete_partial"}}, {"model": "auth.permission", "pk": 64, "fields": {"name": "Can view partial", "content_type": 16, "codename": "view_partial"}}, {"model": "auth.permission", "pk": 65, "fields": {"name": "Can add category", "content_type": 17, "codename": "add_category"}}, {"model": "auth.permission", "pk": 66, "fields": {"name": "Can change category", "content_type": 17, "codename": "change_category"}}, {"model": "auth.permission", "pk": 67, "fields": {"name": "Can delete category", "content_type": 17, "codename": "delete_category"}}, {"model": "auth.permission", "pk": 68, "fields": {"name": "Can view category", "content_type": 17, "codename": "view_category"}}, {"model": "auth.permission", "pk": 69, "fields": {"name": "Can add товар_в_корзине", "content_type": 18, "codename": "add_cartitem"}}, {"model": "auth.permission", "pk": 70, "fields": {"name": "Can change товар_в_корзине", "content_type": 18, "codename": "change_cartitem"}}, {"model": "auth.permission", "pk": 71, "fields": {"name": "Can delete товар_в_корзине", "content_type": 18, "codename": "delete_cartitem"}}, {"model": "auth.permission", "pk": 72, "fields": {"name": "Can view товар_в_корзине", "content_type": 18, "codename": "view_cartitem"}}, {"model": "auth.permission", "pk": 73, "fields": {"name": "Can add yandex user", "content_type": 19, "codename": "add_yandexuser"}}, {"model": "auth.permission", "pk": 74, "fields": {"name": "Can change yandex user", "content_type": 19, "codename": "change_yandexuser"}}, {"model": "auth.permission", "pk": 75, "fields": {"name": "Can delete yandex user", "content_type": 19, "codename": "delete_yandexuser"}}, {"model": "auth.permission", "pk": 76, "fields": {"name": "Can view yandex user", "content_type": 19, "codename": "view_yandexuser"}}, {"model": "auth.permission", "pk": 77, "fields": {"name": "Can add payment", "content_type": 20, "codename": "add_payment"}}, {"model": "auth.permission", "pk": 78, "fields": {"name": "Can change payment", "content_type": 20, "codename": "change_payment"}}, {"model": "auth.permission", "pk": 79, "fields": {"name": "Can delete payment", "content_type": 20, "codename": "delete_payment"}}, {"model": "auth.permission", "pk": 80, "fields": {"name": "Can view payment", "content_type": 20, "codename": "view_payment"}}, {"model": "contenttypes.contenttype", "pk": 1, "fields": {"app_label": "users", "model": "customuser"}}, {"model": "contenttypes.contenttype", "pk": 2, "fields": {"app_label": "registration", "model": "registrationprofile"}}, {"model": "contenttypes.contenttype", "pk": 3, "fields": {"app_label": "registration", "model": "supervisedregistrationprofile"}}, {"model": "contenttypes.contenttype", "pk": 4, "fields": {"app_label": "sites", "model": "site"}}, {"model": "contenttypes.contenttype", "pk": 5, "fields": {"app_label": "admin", "model": "logentry"}}, {"model": "contenttypes.contenttype", "pk": 6, "fields": {"app_label": "auth", "model": "permission"}}, {"model": "contenttypes.contenttype", "pk": 7, "fields": {"app_label": "auth", "model": "group"}}, {"model": "contenttypes.contenttype", "pk": 8, "fields": {"app_label": "contenttypes", "model": "contenttype"}}, {"model": "contenttypes.contenttype", "pk": 9, "fields": {"app_label": "sessions", "model": "session"}}, {"model": "contenttypes.contenttype", "pk": 10, "fields": {"app_label": "add_goods", "model": "goods"}}, {"model": "contenttypes.contenttype", "pk": 11, "fields": {"app_label": "add_goods", "model": "cart"}}, {"model": "contenttypes.contenttype", "pk": 12, "fields": {"app_label": "social_django", "model": "association"}}, {"model": "contenttypes.contenttype", "pk": 13, "fields": {"app_label": "social_django", "model": "code"}}, {"model": "contenttypes.contenttype", "pk": 14, "fields": {"app_label": "social_django", "model": "nonce"}}, {"model": "contenttypes.contenttype", "pk": 15, "fields": {"app_label": "social_django", "model": "usersocialauth"}}, {"model": "contenttypes.contenttype", "pk": 16, "fields": {"app_label": "social_django", "model": "partial"}}, {"model": "contenttypes.contenttype", "pk": 17, "fields": {"app_label": "add_goods", "model": "category"}}, {"model": "contenttypes.contenttype", "pk": 18, "fields": {"app_label": "add_goods", "model": "cartitem"}}, {"model": "contenttypes.contenttype", "pk": 19, "fields": {"app_label": "users", "model": "yandexuser"}}, {"model": "contenttypes.contenttype", "pk": 20, "fields": {"app_label": "payments", "model": "payment"}}, {"model": "sessions.session", "pk": "1n5p9zseo6xbpn2hadbwqpqq0e0ba0xl", "fields": {"session_data": "eyJjYXJ0Ijp7IjYiOjEsIjciOjEsIjkiOjEsIjEwIjoxfX0:1sVEJ3:xe8LHsbVVyFMjECXwXNkiH2i90Fjgq1oTOkULPyISx0", "expire_date": "2025-07-20T17:55:41.832Z"}}, {"model": "sessions.session", "pk": "2mp7txbyddqecnv3qiav3lalevqo0g0y", "fields": {"session_data": "e30:1sXLKw:1xPqxxa6aNHHk023gAQXxVsN4p8do0L_jreS4pIk9X8", "expire_date": "2025-07-26T13:50:22.735Z"}}, {"model": "sessions.session", "pk": "7nlyxtiw3xyksfnp4sem5pdmxvhvrceu", "fields": {"session_data": "e30:1sXLMM:unBRRr9ZUQQbcS4vkNKbYqvnOxknbn1kME_wjv_iwLI", "expire_date": "2025-07-26T13:51:50.892Z"}}, {"model": "sessions.session", "pk": "96lz90rd4h2fe0tdoyia7xz80hvd41h9", "fields": {"session_data": "e30:1sXLIt:4C7qhc5nObt4tFKKE97vyU2NRlWBhEcsM6JTsroT5PY", "expire_date": "2025-07-26T13:48:15.738Z"}}, {"model": "sessions.session", "pk": "bhy22zpz7bameruklp5pfueak9w0ao55", "fields": {"session_data": "eyJjYXJ0Ijp7IjEwIjoxLCI2IjoxfX0:1sVcDq:xiUU4J_He5DXEl95WfKwEGtrp4xpXWsX6N5li7N6stc", "expire_date": "2025-07-21T19:27:54.254Z"}}, {"model": "sessions.session", "pk": "glcjhufyfnbm32neuyj34n9xxu1ngxp8", "fields": {"session_data": ".eJxVjDsOgzAQBe_iOrL8wT_K9DmDtV6vY5IIJAMV4u4BiSJp38ybjUVYlxrXmVocMuuZZLffLQG-aTxBfsH4nDhO49KGxE-FX3TmjynT5365f4EKcz3ewpHLJRtC71JyxklUMumSZWe9tiS8oaIMBBu07MCWIFAbVMEF64U2RxShLazf9v0LHEs6eQ:1sWw1T:xB5SU_WjW93yQsTzedh0Wn_BNya3VqeT9_Se9iGATXs", "expire_date": "2025-07-25T10:48:35.194Z"}}, {"model": "sessions.session", "pk": "i20kc2vbpb35xaoppe8lry8hfrxmbruy", "fields": {"session_data": "eyJjYXJ0Ijp7IjEwIjo0LCI2Ijo0fX0:1sVbq0:5FF6utWcPKwpXVi3zeGtJp5iDWf3DlRrOEZwLG55oyA", "expire_date": "2025-07-21T19:03:16.039Z"}}, {"model": "sessions.session", "pk": "iba9pkson8jtmfv8r6he7cowk325wmb3", "fields": {"session_data": "eyJjYXJ0Ijp7IjYiOjEsIjEwIjoxfX0:1sVcA1:m4WYfxL-vm8Su_hck9UiG9WP0T0OGHoZxxVAxPAkQdo", "expire_date": "2025-07-21T19:23:57.778Z"}}, {"model": "sessions.session", "pk": "ixx3h9dh78tnj9d8481raudf7we5a946", "fields": {"session_data": "eyJjYXJ0Ijp7IjEwIjoxLCI2IjoxfX0:1sVc5f:aMwOgBOPnmpDsLUHABGDhcX9mCPuAWtDcWKEi_tPh40", "expire_date": "2025-07-21T19:19:27.263Z"}}, {"model": "sessions.session", "pk": "prjhbxg5fy284sgjf05u0ml648zdsnz9", "fields": {"session_data": "e30:1sXLKg:KU2vZU1WDcqEfPmJ-NFAs5ncOnylEoRs1bw2Ak9wf14", "expire_date": "2025-07-26T13:50:06.998Z"}}, {"model": "sessions.session", "pk": "r7r52w93ywpxnag7g7ldhq2n0xnnpjyq", "fields": {"session_data": "eyJjYXJ0Ijp7IjYiOjEsIjEwIjoxfX0:1sVbum:WHg2OvyGwKE8e8YD1jVyqZYqa-l17vSzmwkGL9K-hOE", "expire_date": "2025-07-21T19:08:12.825Z"}}, {"model": "add_goods.category", "pk": 1, "fields": {"category": "Смарт-часы"}}, {"model": "add_goods.category", "pk": 2, "fields": {"category": "Ноутбуки"}}, {"model": "add_goods.category", "pk": 3, "fields": {"category": "Телевизоры"}}, {"model": "add_goods.goods", "pk": 1, "fields": {"title": "Телевизор Sony KD-98ZG9", "price": "190020.90", "description": "97.5\" 7680x4320 (8K UHD), матрица VA, частота матрицы 120 Гц, Smart TV (Android TV), HDR10, Dolby Vision, HLG, DTS, AirPlay, Wi-Fi", "image": "photos/850fffb63e067e4dac3f25f51f9539cd-Photoroom_IsrhhNd_aDUR68y.png", "popularity": 15, "category": [3]}}, {"model": "add_goods.goods", "pk": 5, "fields": {"title": "Умные часы Xiaomi Watch S3 M2323W1", "price": "486.00", "description": "синхронизация с Android/iOS, экран AMOLED 1.43\", поддержка SIM-карты: нет, пульсометр, измерение кислорода в крови, AOD, GPS, Bluetooth 5.2, корпус: металл, ремешок: силикон", "image": "photos/c44b28905d4a32d37b2b2d1cdff85b6a__1_-removebg-preview.png", "popularity": 36, "category": [1]}}, {"model": "add_goods.goods", "pk": 6, "fields": {"title": "Умные часы Infinix Watch 1", "price": "79.25", "description": "синхронизация с Android/iOS, экран IPS 1.83\", поддержка SIM-карты: нет, пульсометр, измерение кислорода в крови, Bluetooth 5.2, корпус: пластик/металл (алюминий), ремешок: силикон", "image": "photos/f7d3e5b413341b04c4f2c6c98536a8ac-removebg-preview.png", "popularity": 36, "category": [1]}}, {"model": "add_goods.goods", "pk": 7, "fields": {"title": "Умные часы Apple Watch Series 9 41 мм", "price": "1595.14", "description": "синхронизация с iOS, экран AMOLED, поддержка SIM-карты: нет, пульсометр, измерение кислорода в крови, ЭКГ, AOD, GPS, Bluetooth 5.3, корпус: металл (алюминий), ремешок: силикон", "image": "photos/582b3d4714abf7c565a909611c5e9ff1-removebg-preview.png", "popularity": 7, "category": [1]}}, {"model": "add_goods.goods", "pk": 9, "fields": {"title": "Ноутбук Xiaomi RedmiBook Pro 15 2023 JYU4540CN", "price": "2899.00", "description": "15.6\" 3200 x 2000, IPS, 120 Гц, AMD Ryzen 7 7840HS, 16 ГБ LPDDR5, SSD 512 ГБ, видеокарта встроенная, цвет крышки серый, аккумулятор 72 Вт·ч", "image": "photos/2f869f4179157edc50205a52f08f2508-removebg-preview.png", "popularity": 5, "category": [2]}}, {"model": "add_goods.goods", "pk": 10, "fields": {"title": "Игровой ноутбук Lenovo Legion Y7000P IRX9 83DG008NCD", "price": "5679.00", "description": "16.0\" 2560 x 1600, IPS, 165 Гц, Intel Core i7 14700HX, 16 ГБ DDR5, SSD 1024 ГБ, видеокарта NVIDIA GeForce RTX 4070 8ГБ (TGP 140 Вт), Windows 11 Home, цвет крышки серый, аккумулятор 80 Вт·ч", "image": "photos/23e0617be7e172ed32434c772f54809e-removebg-preview.png", "popularity": 37, "category": [2]}}, {"model": "add_goods.goods", "pk": 11, "fields": {"title": "MiniLED телевизор Hisense 55U7NQ", "price": "2988.00", "description": "55\" 3840x2160 (4K UHD), матрица VA, частота матрицы 120 Гц, Smart TV (Vidaa), HDR10, HDR10+, Dolby Vision, Dolby Vision IQ, DTS:X, Dolby Atmos, AirPlay, Wi-Fi, смарт пульт", "image": "photos/f14e3c4d3ff43cee6ffa3e817ca70af7-removebg-preview.png", "popularity": 37, "category": [3]}}, {"model": "add_goods.goods", "pk": 12, "fields": {"title": "Телевизор TECHNO Smart 43QLED680UHDW", "price": "949.86", "description": "43\" 3840x2160 (4K UHD), матрица VA, частота матрицы 60 Гц, Smart TV (LG webOS), HDR10, AirPlay, Wi-Fi, смарт пульт", "image": "photos/47f566c2d5256deaf0ea7f73ce02a0b1-removebg-preview.png", "popularity": 5, "category": [3]}}, {"model": "add_goods.goods", "pk": 13, "fields": {"title": "OLED телевизор LG OLED C4 OLED55C4RLA", "price": "5288.00", "description": "55\" 3840x2160 (4K UHD), матрица OLED (WOLED), частота матрицы 144 Гц, Smart TV (LG webOS), HDR10, Dolby Vision, Dolby Vision IQ, HLG, DTS:X, Dolby Atmos, AirPlay, Wi-Fi, смарт пульт", "image": "photos/9444526fd27392080c45d9e6397076f3-removebg-preview.png", "popularity": 4, "category": [3]}}, {"model": "add_goods.goods", "pk": 14, "fields": {"title": "OLED телевизор Samsung OLED 4K S90C QE55S90CAUXRU", "price": "4864.56", "description": "55\" 3840x2160 (4K UHD), матрица OLED (QD-OLED), частота матрицы 120 Гц, Smart TV (Samsung Tizen), HDR10, HDR10+, HLG, Dolby Atmos, AirPlay, Wi-Fi, смарт пульт", "image": "photos/f3dcd6ddfff3343856685217107486aa-removebg-preview.png", "popularity": 2, "category": [3]}}, {"model": "add_goods.goods", "pk": 15, "fields": {"title": "Умные часы Xiaomi Redmi Watch 3 Active", "price": "143.21", "description": "синхронизация с Android/iOS 1.83\", поддержка SIM-карты: нет, пульсометр, измерение кислорода в крови, Bluetooth 5.3, корпус: пластик/металл, ремешок: силикон", "image": "photos/1d1dc75c85179dd65370f92ca1604db2-removebg-preview.png", "popularity": 5, "category": [1]}}, {"model": "add_goods.goods", "pk": 16, "fields": {"title": "Умные часы Xiaomi Watch S1 Active", "price": "317.00", "description": "синхронизация с Android/iOS, экран AMOLED 1.43\", поддержка SIM-карты: нет, пульсометр, измерение кислорода в крови, GPS, Bluetooth 5.2, корпус: пластик/металл, ремешок: силикон", "image": "photos/63c54ed2face4f630f1f4d23e0720742-removebg-preview.png", "popularity": 3, "category": [1]}}, {"model": "add_goods.goods", "pk": 17, "fields": {"title": "Игровой ноутбук Lenovo IdeaPad Gaming 3 15IHU6 82K10032RM", "price": "2399.00", "description": "15.6\" 1920 x 1080, IPS, 60 Гц, Intel Core i5 11300H, 8 ГБ DDR4, SSD 512 ГБ, видеокарта NVIDIA GeForce GTX 1650 4 ГБ GDDR6, без ОС, цвет крышки черный, аккумулятор 45 Вт·ч", "image": "photos/ea3aec227c734948079215e15ce1c5bb-removebg-preview.png", "popularity": 3, "category": [2]}}, {"model": "add_goods.goods", "pk": 18, "fields": {"title": "Игровой ноутбук MSI Katana 17 B12VFK-463XRU", "price": "4199.00", "description": "17.3\" 1920 x 1080, IPS, 144 Гц, Intel Core i5 12450H, 16 ГБ DDR5, SSD 512 ГБ, видеокарта NVIDIA GeForce RTX 4060 8 ГБ (TGP 105 Вт), без ОС, цвет крышки черный, аккумулятор 53.5 Вт·ч", "image": "photos/059938e66d8d8b2e4701b9cf151d39e0-removebg-preview.png", "popularity": 3, "category": [2]}}, {"model": "add_goods.goods", "pk": 19, "fields": {"title": "Игровой ноутбук ASUS ROG Strix G16 2023 G614JV-N4071", "price": "5900.00", "description": "16.0\" 2560 x 1600, IPS, 240 Гц, Intel Core i7 13650HX, 16 ГБ DDR5, SSD 1024 ГБ, видеокарта NVIDIA GeForce RTX 4060 8 ГБ (TGP 140 Вт), без ОС, цвет крышки темно-серый, аккумулятор 90 Вт·ч", "image": "photos/7a7c52c4719289d73236f3ed29ae85df-removebg-preview.png", "popularity": 3, "category": [2]}}, {"model": "add_goods.goods", "pk": 20, "fields": {"title": "Игровой ноутбук Acer Nitro V 15 ANV15-51-51FC NH.QN9CD.002", "price": "3190.00", "description": "15.6\" 1920 x 1080, IPS, 144 Гц, Intel Core i5 13420H, 16 ГБ DDR5, SSD 1024 ГБ, видеокарта NVIDIA GeForce RTX 3050 6 ГБ (TGP 60 Вт), без ОС, цвет крышки черный, аккумулятор 57 Вт·ч", "image": "photos/df0d4cdfd6567710bad1bd9b1d5d7bdc-removebg-preview.png", "popularity": 1, "category": [2]}}, {"model": "add_goods.goods", "pk": 21, "fields": {"title": "Ноутбук Apple Macbook Air 13\" M3 2024 MRXN3", "price": "3936.00", "description": "13.6\" 2560 x 1664, IPS, 60 Гц, Apple M3, 8 ГБ, SSD 256 ГБ, видеокарта встроенная, Mac OS, цвет крышки серый, аккумулятор 52.6 Вт·ч", "image": "photos/eb7a2c3d6958a12e25a4c293ee704177-removebg-preview.png", "popularity": 3, "category": [2]}}, {"model": "add_goods.goods", "pk": 22, "fields": {"title": "Телевизор Sony Bravia X85L KD-55X85L", "price": "3999.00", "description": "55\" 3840x2160 (4K UHD), частота матрицы 120 Гц, Smart TV (Google TV), HDR10, Dolby Vision, HLG, DTS, Dolby Atmos, AirPlay, Wi-Fi, смарт пульт", "image": "photos/408a9219e30785d9b84c74e1f04faf2e-removebg-preview.png", "popularity": 0, "category": [3]}}, {"model": "add_goods.goods", "pk": 23, "fields": {"title": "Телевизор MAUNFELD MLT55USD02G", "price": "1174.06", "description": "55\" 3840x2160 (4K UHD), матрица VA, частота матрицы 60 Гц, Smart TV (Android TV), Wi-Fi", "image": "photos/fb77cb01370f9aec99891424778afe3b-removebg-preview.png", "popularity": 2, "category": [3]}}, {"model": "add_goods.cartitem", "pk": 114, "fields": {"good": 6, "user": 1, "quantity": 1}}]